isTrueMatch,isPredictedMatch,matchConfidence,normalizedScore
false,false,0.9718057823348859,0.028194217665114096
false,false,0.9984176579514559,0.0015823420485441275
false,false,0.9854404813796807,0.014559518620319345
false,false,0.9971384198516431,0.0028615801483569125
true,true,0.9459013026311742,0.9459013026311742
false,false,0.9795896922996941,0.02041030770030594
false,false,0.9904128224282446,0.009587177571755423
false,false,0.9976586593489523,0.002341340651047741
false,false,0.988809597620907,0.011190402379092967
false,false,0.9990396631247074,9.603368752926222E-4
false,false,0.9987502906077914,0.0012497093922085867
false,false,0.9859769377603304,0.014023062239669648
false,false,0.902093313941911,0.09790668605808905
false,false,0.9458513081811413,0.05414869181885873
false,false,0.9895210397070358,0.010478960292964246
true,true,0.999601008700038,0.999601008700038
false,false,0.9970420972317511,0.002957902768248921
false,false,0.9897711907943205,0.010228809205679479
false,false,0.988346533479711,0.01165346652028898
false,false,0.9912293851399139,0.008770614860086123
false,false,0.9799573871251545,0.020042612874845545
false,false,0.9537511940181157,0.0462488059818843
false,false,0.9913641866584438,0.008635813341556164
false,false,0.9914391078580649,0.008560892141935117
false,false,0.9884918509356967,0.011508149064303308
false,false,0.9965165758069194,0.0034834241930805643
false,false,0.9918595364470034,0.00814046355299658
false,false,0.9923192533805094,0.007680746619490586
true,true,0.9987863282788386,0.9987863282788386
false,false,0.9878879348271964,0.01211206517280361
false,false,0.9904498423364849,0.00955015766351508
false,false,0.9927038526608398,0.007296147339160175
false,false,0.997752536692442,0.002247463307557984
true,true,0.9994081353996241,0.9994081353996241
true,true,0.9993410598897324,0.9993410598897324
false,false,0.9926256346917623,0.0073743653082376515
false,false,0.9973683260251154,0.0026316739748846185
false,false,0.9742149207835392,0.025785079216460782
false,false,0.9581478679075387,0.0418521320924613
false,false,0.9895916858989274,0.010408314101072569
false,false,0.9876757922748735,0.012324207725126546
false,false,0.9898989244937486,0.010101075506251389
false,false,0.9824062455665415,0.017593754433458453
false,false,0.9976723061886608,0.0023276938113392376
false,false,0.9630224454648543,0.03697755453514573
false,false,0.9838316383887196,0.016168361611280435
false,false,0.9881423268599142,0.01185767314008579
false,false,0.9438154617414621,0.056184538258537864
true,true,0.9994986257601322,0.9994986257601322
false,false,0.9593451514151858,0.04065484858481416
true,true,0.9865717452580314,0.9865717452580314
false,false,0.9987081542972308,0.0012918457027691899
false,false,0.9899767437869382,0.01002325621306177
false,false,0.9612438064128052,0.03875619358719484
false,false,0.990216123982345,0.009783876017654958
true,true,0.9996324204397016,0.9996324204397016
false,false,0.9868407378838978,0.013159262116102188
false,false,0.9880157976440955,0.011984202355904472
true,true,0.999243118641679,0.999243118641679
true,true,0.9995243681227348,0.9995243681227348
false,false,0.9987768209769268,0.0012231790230732287
false,false,0.9909447358132779,0.00905526418672209
false,false,0.9260366251748192,0.07396337482518078
false,false,0.9991152292953747,8.847707046253372E-4
false,false,0.988335280395993,0.011664719604006946
false,false,0.9915707134172578,0.008429286582742224
false,false,0.9987429558289226,0.001257044171077415
false,false,0.9963853556788423,0.003614644321157656
false,false,0.9934102283369193,0.0065897716630807235
false,false,0.991554373058874,0.00844562694112605
false,false,0.9891710957576326,0.010828904242367376
false,false,0.9805806518175513,0.019419348182448726
false,false,0.9902727277483825,0.009727272251617514
false,false,0.9907230154090871,0.009276984590912862
true,true,0.9863368685130415,0.9863368685130415
false,false,0.9553607952699229,0.0446392047300771
false,false,0.9834227499548498,0.016577250045150205
false,false,0.9983611321113206,0.0016388678886793961
false,false,0.9890765445919175,0.010923455408082483
false,false,0.9874115188162662,0.01258848118373379
false,false,0.9982003456327114,0.0017996543672885723
true,true,0.9990800164623888,0.9990800164623888
true,true,0.9991306326071936,0.9991306326071936
false,false,0.9941232620938477,0.005876737906152285
false,false,0.988991813981597,0.011008186018403032
false,false,0.9832627925162025,0.016737207483797478
false,false,0.9933459901526166,0.006654009847383402
false,false,0.9767580751989804,0.02324192480101961
false,false,0.933552071096812,0.06644792890318796
false,false,0.955610011721341,0.04438998827865903
false,false,0.9989717891128628,0.0010282108871372264
false,false,0.6772605981541496,0.32273940184585037
false,false,0.9952076833268613,0.00479231667313873
true,true,0.9996117666314257,0.9996117666314257
false,false,0.9915298036168476,0.008470196383152384
false,false,0.9887987866239217,0.011201213376078267
false,false,0.9901971836824515,0.009802816317548535
false,false,0.964287834672016,0.03571216532798405
false,false,0.987004585553215,0.01299541444678498
false,false,0.9862841259982537,0.013715874001746342
false,false,0.9879926494523662,0.0120073505476338
false,false,0.9793540692607815,0.0206459307392185
true,true,0.9985758207119602,0.9985758207119602
true,false,0.9252974871333467,0.0747025128666533
true,true,0.9988664309949126,0.9988664309949126
false,false,0.9961003793274222,0.003899620672577764
false,false,0.9926755055081172,0.0073244944918827715
false,false,0.9906599756149461,0.00934002438505388
false,false,0.9913892323324892,0.008610767667510788
false,false,0.9977829869770526,0.0022170130229474116
false,false,0.9529696116416281,0.04703038835837192
false,false,0.9980732653366724,0.0019267346633276006
false,false,0.9885583150680943,0.011441684931905671
true,true,0.9973165601911425,0.9973165601911425
false,false,0.9977216691335004,0.002278330866499645
false,false,0.9847963365184138,0.015203663481586194
true,true,0.9993067577014334,0.9993067577014334
false,false,0.9373829732449938,0.06261702675500624
false,false,0.9912038786521673,0.008796121347832697
true,true,0.98504291340685,0.98504291340685
false,false,0.984108887566086,0.015891112433913945
true,true,0.9990264562254171,0.9990264562254171
false,false,0.9890448464612436,0.010955153538756424
true,false,0.9900154305928732,0.009984569407126775
false,false,0.9812389160218715,0.01876108397812848
false,false,0.9957436511255111,0.004256348874488891
false,false,0.9965637141252957,0.003436285874704348
false,false,0.9978087593636038,0.0021912406363961967
false,false,0.9732915354985551,0.02670846450144493
false,false,0.9895614668499546,0.010438533150045393
true,true,0.9986619919207771,0.9986619919207771
false,false,0.9906237625491513,0.009376237450848701
false,false,0.9981469406043855,0.0018530593956145314
false,false,0.9960622612315974,0.003937738768402643
false,false,0.9934357507792253,0.006564249220774698
false,false,0.9899184352014236,0.010081564798576359
false,false,0.9977083110348623,0.0022916889651376504
false,false,0.998553425594692,0.0014465744053080432
false,false,0.9377260157816127,0.06227398421838726
false,false,0.993149519973355,0.006850480026645012
false,false,0.9939260655591136,0.0060739344408864415
false,false,0.9517288138635259,0.048271186136474076
false,false,0.9849708024707645,0.015029197529235483
true,true,0.9995883485703213,0.9995883485703213
false,false,0.9522199336364294,0.04778006636357057
false,false,0.9807473102160812,0.019252689783918808
false,false,0.9897216379130779,0.010278362086922121
false,false,0.9888634980520277,0.011136501947972333
false,false,0.9321451189776192,0.0678548810223808
false,false,0.9970821449230539,0.0029178550769460854
false,false,0.9890024407478005,0.010997559252199474
true,false,0.9839245793995277,0.01607542060047229
false,false,0.9967775156759975,0.003222484324002517
false,false,0.99709914228914,0.0029008577108600164
false,false,0.981753223856761,0.018246776143238996
false,false,0.9971716639779333,0.0028283360220666687
false,false,0.9402434135995513,0.059756586400448675
false,false,0.9855521474663975,0.014447852533602479
false,true,0.4135511611224923,0.4135511611224923
false,false,0.991554373058874,0.00844562694112605
false,false,0.9939260655591136,0.0060739344408864415
true,true,0.9740426428022031,0.9740426428022031
false,false,0.9549424681658311,0.04505753183416894
false,false,0.988917141772671,0.011082858227329018
false,false,0.9983091968211715,0.001690803178828526
false,false,0.9649873730532593,0.03501262694674068
false,false,0.9148248917604958,0.08517510823950425
false,false,0.6091754673431613,0.3908245326568387
false,false,0.9989140556310572,0.001085944368942826
false,false,0.9730621098575113,0.026937890142488707
true,true,0.9994525903783463,0.9994525903783463
false,false,0.9862576795040977,0.013742320495902294
false,false,0.9963357796692156,0.0036642203307843957
false,false,0.9817182029641212,0.018281797035878844
false,false,0.9990508407687505,9.491592312494967E-4
false,false,0.988841968751916,0.01115803124808401
false,false,0.9901210587780522,0.009878941221947768
false,false,0.9986541395987028,0.0013458604012972497
true,true,0.9833589481294156,0.9833589481294156
false,false,0.9981791705031464,0.001820829496853582
false,false,0.9988597770875584,0.0011402229124416463
false,false,0.9989637331117532,0.0010362668882467618
true,true,0.9986356380813571,0.9986356380813571
false,false,0.989510908740062,0.010489091259938021
false,false,0.998941252510675,0.001058747489324996
false,false,0.9940889311437562,0.005911068856243817
false,false,0.9914391078580647,0.008560892141935339
false,false,0.9868660772502582,0.013133922749741789
true,true,0.9996147867236412,0.9996147867236412
true,true,0.9988752425768443,0.9988752425768443
false,false,0.9902821301330781,0.009717869866921913
false,false,0.9882107855574501,0.011789214442549878
true,true,0.9657383798467225,0.9657383798467225
false,false,0.9905509186809445,0.00944908131905553
false,false,0.9904128224282446,0.009587177571755423
false,false,0.9884138270410553,0.011586172958944707
false,false,0.9906780301593768,0.009321969840623168
false,false,0.9989737933185291,0.0010262066814709092
false,false,0.9988327690418818,0.001167230958118215
true,true,0.9996132796245574,0.9996132796245574
false,false,0.9893371922141808,0.010662807785819184
true,true,0.999456848040005,0.999456848040005
true,true,0.9984988177432631,0.9984988177432631
false,false,0.9887554392793361,0.011244560720663932
false,false,0.9972099623456695,0.0027900376543305017
false,false,0.9989182847472746,0.0010817152527253793
true,true,0.9996266340651456,0.9996266340651456
true,true,0.9984870616381116,0.9984870616381116
false,false,0.9983091968211715,0.001690803178828526
false,false,0.9777350833565724,0.022264916643427557
false,false,0.9425596161127333,0.05744038388726669
false,false,0.9938070098421449,0.006192990157855127
true,false,0.9956769131505411,0.004323086849458924
false,false,0.9895916858989274,0.010408314101072569
true,true,0.9996056552564128,0.9996056552564128
true,true,0.9986006016411857,0.9986006016411857
true,true,0.9143672163257436,0.9143672163257436
false,false,0.9974241187734705,0.0025758812265295195
false,false,0.9865198970247337,0.01348010297526625
false,false,0.9522199336364294,0.04778006636357057
false,true,0.4079818867014376,0.4079818867014376
false,false,0.9783019028763681,0.02169809712363191
false,false,0.9860979413749406,0.013902058625059444
false,false,0.987265019515015,0.012734980484985003
false,false,0.9982247394678943,0.001775260532105749
false,false,0.9768465889071617,0.023153411092838305
false,false,0.992919881797696,0.007080118202304031
false,false,0.9425067211996142,0.057493278800385794
false,false,0.9869292152258128,0.013070784774187216
false,false,0.9795701580283214,0.02042984197167863
false,false,0.9936487641676056,0.006351235832394386
false,false,0.9902444665142845,0.00975553348571545
false,false,0.9656736964941255,0.03432630350587451
false,false,0.9989012689270752,0.0010987310729247968
true,true,0.9989936219772646,0.9989936219772646
false,false,0.9985618646789076,0.001438135321092382
false,false,0.9912038786521675,0.008796121347832475
false,false,0.9989494830935443,0.0010505169064557451
false,false,0.9913808917854933,0.008619108214506732
true,true,0.59466896391219,0.59466896391219
false,false,0.9984512389057122,0.0015487610942878094
true,true,0.9989757936215703,0.9989757936215703
true,true,0.9986672013675144,0.9986672013675144
false,false,0.988917141772671,0.011082858227329018
false,false,0.9802997402719862,0.019700259728013814
false,false,0.9984330112074502,0.001566988792549795
true,false,0.9989955836687395,0.0010044163312604715
false,false,0.9862973304187885,0.013702669581211468
false,false,0.9878528299001947,0.01214717009980526
false,false,0.9934484751525091,0.006551524847490886
true,true,0.9995225074410877,0.9995225074410877
false,false,0.9977127723941301,0.002287227605869857
false,false,0.9444848859112395,0.05551511408876053
false,false,0.9775643752923253,0.022435624707674684
false,false,0.9919067101026271,0.008093289897372902
false,false,0.9919067101026269,0.008093289897373124
true,false,0.9964619139429114,0.0035380860570886075
false,false,0.989449919117817,0.01055008088218301
false,false,0.9901401446964613,0.009859855303538723
false,false,0.998844099192848,0.0011559008071519994
false,true,0.43372660518513906,0.43372660518513906
false,false,0.9299510391228232,0.07004896087717682
false,false,0.9874599812163353,0.01254001878366473
false,false,0.9984421516740435,0.0015578483259565123
false,false,0.9884807365412084,0.011519263458791618
false,false,0.9960622612315974,0.003937738768402643
false,false,0.9918674176182294,0.008132582381770614
false,false,0.9975321895661126,0.0024678104338874407
false,false,0.9246196572979432,0.07538034270205685
false,false,0.988874247294689,0.01112575270531102
false,false,0.9829710371163521,0.017028962883647858
false,false,0.9907677855954636,0.009232214404536365
false,false,0.9827075072497382,0.01729249275026179
false,false,0.9881766051636294,0.011823394836370626
false,false,0.9879926494523662,0.0120073505476338
false,false,0.9891815513471369,0.010818448652863077
false,false,0.9849418623317744,0.015058137668225613
true,true,0.9995761152580063,0.9995761152580063
false,false,0.9969186362251398,0.003081363774860235
false,false,0.9872527355449896,0.012747264455010399
false,false,0.981683116110218,0.018316883889782032
false,false,0.9828232909876816,0.01717670901231838
false,false,0.9887228199761925,0.01127718002380751
false,true,0.7199254398424216,0.7199254398424216
false,false,0.9967837832254528,0.003216216774547198
false,false,0.994455854078038,0.0055441459219619516
false,false,0.987604265897607,0.01239573410239303
false,false,0.9906509353578304,0.009349064642169558
false,false,0.9988259177753533,0.0011740822246466553
false,false,0.9919536126065218,0.008046387393478183
false,false,0.9877469110483048,0.01225308895169519
false,false,0.9820137900379086,0.017986209962091437
false,false,0.9044397362693098,0.09556026373069015
false,false,0.9912378710012226,0.008762128998777374
false,false,0.9905874104123902,0.009412589587609821
false,false,0.9898303422461274,0.010169657753872574
false,false,0.9888203983014915,0.011179601698508512
false,false,0.98922327394992,0.010776726050079954
false,false,0.9986980354174063,0.0013019645825936843
true,true,0.9994600195519033,0.9994600195519033
false,false,0.9882675360436519,0.011732463956348083
false,false,0.994347123731249,0.005652876268750995
true,true,0.9413314016155963,0.9413314016155963
false,false,0.9978594107418892,0.002140589258110781
false,false,0.9895513745548833,0.01044862544511671
false,false,0.9880734754278406,0.01192652457215937
true,true,0.9990995533161093,0.9990995533161093
true,true,0.9995111895663714,0.9995111895663714
false,false,0.9897216379130779,0.010278362086922121
true,true,0.9996056552564128,0.9996056552564128
false,false,0.9877940982357951,0.012205901764204885
true,true,0.8961150857751642,0.8961150857751642
false,false,0.9735693647702638,0.02643063522973621
false,false,0.9849996878369564,0.01500031216304365
false,false,0.9874236517231209,0.012576348276879146
false,false,0.9906418864332609,0.009358113566739101
false,false,0.9972584441623807,0.0027415558376192584
false,false,0.9868026383672028,0.013197361632797167
false,false,0.9882107855574501,0.011789214442549878
false,true,0.44579341004391787,0.44579341004391787
false,false,0.9888957150130939,0.011104284986906077
true,false,0.9983959107471774,0.001604089252822627
false,false,0.9985618646789076,0.001438135321092382
true,true,0.9972316144830861,0.9972316144830861
false,false,0.9919691867837398,0.008030813216260202
false,false,0.9891815513471369,0.010818448652863077
false,false,0.987240439879169,0.012759560120831015
false,false,0.9967837832254528,0.003216216774547198
false,false,0.9884250052374026,0.01157499476259738
false,false,0.9939730484115985,0.006026951588401497
false,false,0.9987886935494876,0.0012113064505123727
false,false,0.9988167202304992,0.0011832797695008335
false,false,0.980337423970991,0.019662576029009005
false,false,0.9899864293768268,0.010013570623173207
false,false,0.9965435903319347,0.0034564096680652634
false,false,0.9972099623456695,0.0027900376543305017
false,false,0.9543505310268129,0.04564946897318711
true,true,0.9996185288352375,0.9996185288352375
false,false,0.9855103719211904,0.014489628078809602
false,false,0.9881766051636294,0.011823394836370626
false,false,0.991049288563118,0.008950711436881975
true,true,0.999065542367813,0.999065542367813
false,false,0.982607654045169,0.017392345954830968
false,false,0.9990130678795064,9.86932120493611E-4
false,false,0.9833589481294156,0.0166410518705844
false,false,0.9856905439580951,0.014309456041904922
false,false,0.9885914047120745,0.011408595287925483
false,false,0.9868660772502582,0.013133922749741789
false,false,0.9988948192877377,0.001105180712262288
false,false,0.9647224530933883,0.03527754690661167
false,false,0.9881766051636294,0.011823394836370626
false,false,0.9925969859111273,0.0074030140888726725
false,false,0.9920543117895072,0.007945688210492796
true,true,0.9992145260642745,0.9992145260642745
false,false,0.9965435903319347,0.0034564096680652634
false,false,0.9968641641227171,0.0031358358772829442
false,false,0.9878762443333002,0.012123755666699765
false,false,0.9986114767243102,0.0013885232756898347
false,false,0.996590364335735,0.0034096356642649983
false,false,0.9884584759156384,0.011541524084361598
false,false,0.9860979413749406,0.013902058625059444
false,false,0.9873140386536432,0.0126859613463568
false,false,0.9989287856992491,0.0010712143007508557
false,false,0.9879345855597539,0.012065414440246114
false,false,0.9961829502757347,0.003817049724265331
false,false,0.9902444665142845,0.00975553348571545
false,false,0.9804500517335472,0.019549948266452843
false,true,0.7222332482587451,0.7222332482587451
false,false,0.9751308918296095,0.024869108170390453
false,false,0.9585377272885905,0.041462272711409454
false,false,0.9897810729621548,0.010218927037845216
false,false,0.9887771336422382,0.011222866357761818
true,true,0.9996229714333051,0.9996229714333051
false,false,0.989510908740062,0.010489091259938021
false,false,0.9989245975937657,0.0010754024062342715
false,false,0.9939847375745066,0.0060152624254934395
false,false,0.9829055269777527,0.017094473022247314
false,false,0.8586593348641192,0.14134066513588084
false,false,0.9909096166863415,0.009090383313658523
false,false,0.9837068944861616,0.016293105513838446
false,false,0.9910058710892181,0.008994128910781884
false,false,0.9897116988662839,0.010288301133716149
false,false,0.9987256737086128,0.00127432629138724
false,false,0.9904313501125579,0.009568649887442104
false,false,0.9903570259458383,0.009642974054161702
false,false,0.9876281534529129,0.012371846547087118
true,true,0.9986878373816886,0.9986878373816886
false,false,0.9549424681658311,0.04505753183416894
false,true,0.45562245253048467,0.45562245253048467
false,false,0.971859247315289,0.028140752684710946
false,false,0.9987600038640845,0.001239996135915522
false,false,0.9887662916382638,0.011233708361736205
false,false,0.9987056319645459,0.0012943680354541298
false,false,0.9987863282788386,0.0012136717211613801
false,false,0.9913558220632767,0.00864417793672334
false,false,0.9880389017501906,0.011961098249809399
true,false,0.9892336797083573,0.010766320291642706
false,false,0.9931362189808486,0.006863781019151416
true,false,0.9986567621395103,0.0013432378604897321
false,false,0.9841241524038727,0.015875847596127257
false,true,0.5489908725619186,0.5489908725619186
false,false,0.993384607321672,0.006615392678328003
false,false,0.9891396689867225,0.010860331013277547
false,false,0.9790758090833795,0.020924190916620455
false,false,0.997765637580055,0.002234362419945013
false,false,0.9913975648785304,0.008602435121469632
false,false,0.9983256006962901,0.0016743993037099392
false,false,0.9841850676175599,0.01581493238244014
false,false,0.9265034761778069,0.07349652382219307
false,false,0.9583432338506388,0.0416567661493612
false,false,0.9706042957326373,0.02939570426736271
true,true,0.8473372037135223,0.8473372037135223
false,false,0.9990377874404024,9.622125595976083E-4
false,false,0.9985449370614672,0.001455062938532814
false,false,0.9913222832950107,0.008677716704989291
false,false,0.9987005725342086,0.0012994274657913696
false,false,0.9868407378838978,0.013159262116102188
false,false,0.9906509353578304,0.009349064642169558
false,false,0.9988818063345165,0.0011181936654834912
false,false,0.9917324026526726,0.008267597347327404
false,false,0.9947391477427643,0.005260852257235715
false,false,0.9964961769297558,0.0035038230702442164
false,false,0.9751782124242404,0.02482178757575959
false,false,0.9910406217161012,0.008959378283898811
false,false,0.9933588873579224,0.006641112642077562
false,false,0.9951514669095515,0.004848533090448526
false,false,0.9430336178557911,0.056966382144208905
true,true,0.9995326519119221,0.9995326519119221
false,false,0.9889598727206322,0.011040127279367762
false,false,0.9812568852179333,0.018743114782066694
true,true,0.9984421516740435,0.9984421516740435
false,false,0.9875803328002174,0.012419667199782602
false,false,0.9913474494369268,0.008652550563073236
false,false,0.9974090206355705,0.0025909793644295354
true,true,0.9988051220317165,0.9988051220317165
false,false,0.9261034848465962,0.07389651515340379
false,false,0.9859363729567545,0.014063627043245486
false,false,0.98922327394992,0.010776726050079954
false,false,0.9966884809397303,0.0033115190602697187
false,false,0.9983643246707609,0.001635675329239139
false,false,0.9840016286382054,0.015998371361794606
false,false,0.9989596814971868,0.0010403185028131645
false,false,0.9917163731139697,0.008283626886030349
false,false,0.98332695675173,0.016673043248270014
false,false,0.9896017396665442,0.010398260333455811
false,false,0.9986929463325204,0.0013070536674796296
false,false,0.9936487641676056,0.006351235832394386
true,true,0.9461008455487896,0.9461008455487896
false,false,0.9987056319645459,0.0012943680354541298
false,false,0.988346533479711,0.01165346652028898
false,false,0.9864938989111259,0.013506101088874067
true,false,0.9964893508862253,0.003510649113774744
false,false,0.990005772771119,0.009994227228880992
false,false,0.9484418104757253,0.05155818952427471
false,false,0.9904682991665604,0.009531700833439571
false,false,0.9911440772542531,0.00885592274574687
false,false,0.9876757922748735,0.012324207725126546
true,true,0.9994011628649199,0.9994011628649199
false,false,0.9793540692607815,0.0206459307392185
false,false,0.988469611537817,0.011530388462183017
false,false,0.9927250415335767,0.007274958466423342
false,true,0.9983959107471774,0.9983959107471774
false,false,0.9970764570957289,0.0029235429042711036
true,false,0.8596637505099167,0.14033624949008328
false,false,0.9983418456882343,0.0016581543117657471
false,false,0.9904406006529085,0.00955939934709149
false,false,0.9987696417179502,0.0012303582820497594
false,false,0.9934484751525091,0.006551524847490886
false,false,0.9793738057977812,0.020626194202218784
false,false,0.9899961057019938,0.010003894298006188
true,true,0.8025555428951934,0.8025555428951934
false,false,0.9884584759156384,0.011541524084361598
false,false,0.9973321956728289,0.002667804327171064
false,false,0.9948503925339252,0.005149607466074846
false,false,0.98922327394992,0.010776726050079954
false,false,0.9892336797083573,0.010766320291642706
false,false,0.9953272700496213,0.004672729950378707
true,true,0.9956005868372633,0.9956005868372633
false,false,0.982641001219442,0.01735899878055802
true,true,0.9694979473172857,0.9694979473172857
false,false,0.988917141772671,0.011082858227329018
false,false,0.9891396689867225,0.010860331013277547
false,false,0.9889598727206322,0.011040127279367762
false,false,0.9989994955990897,0.0010005044009102626
false,false,0.99507548962592,0.004924510374080038
false,false,0.985759251462818,0.014240748537182046
true,true,0.9995834981745719,0.9995834981745719
true,true,0.9996147867236412,0.9996147867236412
false,false,0.9864808813151847,0.013519118684815257
true,false,0.9842608883118793,0.0157391116881207
false,false,0.9950274034273128,0.004972596572687227
true,false,0.9834068220804095,0.016593177919590474
true,false,0.988917141772671,0.011082858227329018
false,false,0.9977743291458849,0.0022256708541150694
false,false,0.9986723905585759,0.0013276094414240713
true,true,0.9991030606763281,0.9991030606763281
false,false,0.9824399720097101,0.017560027990289884
true,true,0.9460510249857607,0.9460510249857607
false,false,0.9543930566810525,0.045606943318947546
false,false,0.9664421803552634,0.033557819644736586
false,false,0.9908034475769532,0.009196552423046844
true,false,0.998231648313891,0.0017683516861090043
false,false,0.9802808718926534,0.01971912810734655
false,false,0.9928647479633426,0.007135252036657436
false,false,0.9891186677106237,0.010881332289376267
true,true,0.9983990356655276,0.9983990356655276
false,false,0.9293763330618007,0.07062366693819933
false,false,0.9934738504365491,0.006526149563450878
false,false,0.9983579333307974,0.0016420666692026353
true,true,0.9953724699521329,0.9953724699521329
false,false,0.9832145101099363,0.016785489890063676
false,false,0.9966690853714489,0.0033309146285510627
false,false,0.9959692568417017,0.004030743158298322
false,false,0.9897513980768414,0.010248601923158573
false,false,0.9989817711907034,0.001018228809296584
false,false,0.9904590751716004,0.009540924828399633
false,false,0.926901473306605,0.073098526693395
false,false,0.9904682991665604,0.009531700833439571
true,true,0.9862311827285678,0.9862311827285678
true,true,0.9991306326071936,0.9991306326071936
false,false,0.9973734475098207,0.0026265524901792903
false,false,0.9880964696777581,0.011903530322241895
true,true,0.9986903943451747,0.9986903943451747
false,false,0.982740666333545,0.017259333666455046
false,false,0.9908389730779061,0.009161026922093862
true,true,0.9770883080132899,0.9770883080132899
false,false,0.9907230154090871,0.009276984590912862
false,false,0.9421351743107169,0.057864825689283084
false,true,0.9995015534499203,0.9995015534499203
false,false,0.9900250791759212,0.009974920824078803
false,false,0.999065542367813,9.344576321870246E-4
false,false,0.9981827168835504,0.001817283116449575
false,false,0.9971550903350205,0.0028449096649795225
true,false,0.9887987866239217,0.011201213376078267
false,false,0.9890024407478005,0.010997559252199474
false,false,0.9476239247831291,0.05237607521687093
false,false,0.9901876999234184,0.009812300076581626
false,false,0.9902727277483825,0.009727272251617514
false,false,0.9939847375745066,0.0060152624254934395
false,false,0.9922894235804096,0.007710576419590387
false,false,0.9955142054229601,0.004485794577039903
false,false,0.989129173364462,0.010870826635537956
false,false,0.9932287900693888,0.0067712099306111995
false,false,0.9952999394649494,0.004700060535050565
false,false,0.9962637794165886,0.003736220583411387
false,false,0.982031030657629,0.01796896934237102
false,false,0.9988686403337831,0.0011313596662169134
false,false,0.9791357435795263,0.020864256420473737
false,false,0.9972370012842464,0.002762998715753584
false,false,0.9957187454592983,0.004281254540701718
false,false,0.989295905878963,0.010704094121037011
false,false,0.9878879348271964,0.01211206517280361
true,true,0.9989308736381709,0.9989308736381709
false,false,0.9891710957576326,0.010828904242367376
false,false,0.9894601083646142,0.010539891635385823
false,false,0.9896017396665442,0.010398260333455811
false,true,0.7747538501260047,0.7747538501260047
false,false,0.9192084564299287,0.08079154357007134
false,false,0.9967962818954492,0.003203718104550779
false,false,0.9898989244937486,0.010101075506251389
false,false,0.9443823883953985,0.05561761160460155
false,false,0.9984632729386813,0.0015367270613186879
false,false,0.9923192533805094,0.007680746619490586
false,false,0.9980505978724699,0.001949402127530142
false,false,0.9484418104757253,0.05155818952427471
false,false,0.9711838031967465,0.028816196803253535
false,false,0.9907140355965698,0.009285964403430214
false,false,0.9696994499571355,0.03030055004286447
false,false,0.9957930304768423,0.004206969523157689
false,false,0.9579909445710464,0.04200905542895361
false,false,0.9878528299001947,0.01214717009980526
false,false,0.9775643752923253,0.022435624707674684
false,false,0.9979251331010005,0.0020748668989994945
false,false,0.9959219374783365,0.004078062521663539
false,false,0.9923637835053328,0.0076362164946671696
false,false,0.968111009573862,0.03188899042613802
false,false,0.9988074507197912,0.0011925492802088433
false,false,0.983847165177859,0.016152834822141027
false,false,0.9884250052374026,0.01157499476259738
false,false,0.9981862563693157,0.0018137436306843169
false,false,0.989859790890032,0.010140209109968046
false,false,0.9419752510012038,0.05802474899879617
false,false,0.9906780301593768,0.009321969840623168
false,false,0.9953181774756662,0.004681822524333801
false,false,0.9967962818954492,0.003203718104550779
false,false,0.997825774657828,0.0021742253421720426
false,false,0.944943928209663,0.055056071790337
false,false,0.995198359174032,0.004801640825968012
false,false,0.998733109199724,0.0012668908002759771
false,false,0.9977349495454633,0.0022650504545367323
false,false,0.9869795098861572,0.013020490113842764
false,false,0.9871911400409932,0.012808859959006824
false,false,0.9873506807315326,0.012649319268467352
false,false,0.9877940982357951,0.012205901764204885
false,false,0.9942919660808865,0.005708033919113453
false,false,0.986402515471425,0.01359748452857501
false,false,0.9727790975901733,0.027220902409826664
false,false,0.9942250701465559,0.005774929853444077
false,false,0.9843212872320182,0.01567871276798183
false,false,0.9963500129687902,0.003649987031209778
true,false,0.9322685510781549,0.06773144892184513
false,false,0.9879694570929783,0.012030542907021657
false,false,0.9924520766240993,0.007547923375900711
true,true,0.9990111403020492,0.9990111403020492
false,false,0.9949885983164883,0.005011401683511663
false,false,0.9980238158967417,0.0019761841032582828
false,false,0.9892752034517494,0.010724796548250648
true,true,0.9959060417369295,0.9959060417369295
false,false,0.9940544008372937,0.0059455991627063165
false,true,0.6738895457611094,0.6738895457611094
false,false,0.9893165687751673,0.010683431224832729
false,false,0.9890659886394373,0.010934011360562712
false,false,0.9906960501316064,0.009303949868393557
false,false,0.9233161978167048,0.07668380218329518
false,false,0.9805806518175513,0.019419348182448726
false,false,0.9701834588561998,0.029816541143800168
false,false,0.987004585553215,0.01299541444678498
false,false,0.9843814580489696,0.015618541951030407
false,false,0.98922327394992,0.010776726050079954
false,false,0.988917141772671,0.011082858227329018
false,false,0.9980956697286525,0.0019043302713475097
false,false,0.9932419128935218,0.006758087106478183
false,false,0.9915215980653226,0.008478401934677415
false,false,0.9904498423364849,0.00955015766351508
false,false,0.9756929810141394,0.02430701898586063
false,false,0.9745803476190713,0.025419652380928692
false,false,0.9606574967357417,0.039342503264258255
false,false,0.9928647479633426,0.007135252036657436
false,false,0.9989515307328388,0.0010484692671611784
false,false,0.9868407378838978,0.013159262116102188
false,false,0.9305529794746327,0.06944702052536733
false,false,0.9602494841825444,0.03975051581745559
false,false,0.981961970688681,0.018038029311319037
false,false,0.9890870904658748,0.01091290953412516
false,false,0.9792352612370643,0.02076473876293572
false,false,0.9920466102824932,0.007953389717506809
false,false,0.9793343142370252,0.020665685762974784
false,false,0.987911282421416,0.012088717578583985
false,false,0.9983190582986129,0.0016809417013871064
false,false,0.9947798743064417,0.005220125693558342
false,false,0.998475213608774,0.0015247863912259962
false,false,0.9804500517335472,0.019549948266452843
false,false,0.9980770175883327,0.0019229824116673289
false,false,0.982031030657629,0.01796896934237102
false,false,0.9660920419951724,0.0339079580048276
true,true,0.9995496693904393,0.9995496693904393
false,false,0.9651191130633208,0.034880886936679234
false,false,0.9909797204985978,0.009020279501402162
false,false,0.9885693554762935,0.011430644523706457
false,false,0.9848401390558006,0.01515986094419941
false,false,0.9751308918296095,0.024869108170390453
true,true,0.9995939360491742,0.9995939360491742
false,false,0.9988839857401569,0.00111601425984309
false,false,0.9928508980334534,0.0071491019665466116
false,false,0.9943690381094332,0.005630961890566777
true,true,0.9995206394839066,0.9995206394839066
false,true,0.45949296200944956,0.45949296200944956
false,false,0.9914969340941654,0.008503065905834606
false,false,0.9885029547311577,0.01149704526884232
false,false,0.9816303618907106,0.018369638109289377
false,false,0.9887445765557948,0.01125542344420516
false,false,0.9834227499548498,0.016577250045150205
false,false,0.9957436511255111,0.004256348874488891
false,false,0.9987478504432326,0.0012521495567674457
false,false,0.9886353771354318,0.011364622864568186
false,false,0.9904682991665604,0.009531700833439571
false,false,0.9870919756619903,0.01290802433800975
false,false,0.9911183248991529,0.008881675100847142
true,true,0.9991306326071936,0.9991306326071936
true,true,0.9996102477212129,0.9996102477212129
false,false,0.9986827084875669,0.0013172915124330942
false,false,0.998210840838405,0.0017891591615950553
true,true,0.9992191114099175,0.9992191114099175
false,false,0.9896618607900957,0.01033813920990434
false,false,0.988991813981597,0.011008186018403032
true,true,0.9973683260251154,0.9973683260251154
false,false,0.9881537638569012,0.011846236143098765
false,false,0.9614253023274949,0.0385746976725051
false,false,0.9867261125456143,0.013273887454385735
false,false,0.9911011154459791,0.00889888455402088
false,false,0.9848255520335863,0.015174447966413651
false,false,0.9965637141252957,0.003436285874704348
false,false,0.9973217821465035,0.002678217853496534
false,false,0.9988553194896312,0.0011446805103687563
false,false,0.9776925257110962,0.022307474288903784
false,false,0.9718057823348859,0.028194217665114096
false,false,0.994498761613595,0.0055012383864050385
false,false,0.9860173872190775,0.013982612780922499
false,false,0.9932024684496267,0.006797531550373326
true,true,0.9989757936215703,0.9989757936215703
false,false,0.9985477720846753,0.001452227915324733
false,false,0.9425067211996142,0.057493278800385794
false,false,0.9922669758204138,0.007733024179586212
false,false,0.9984299525015892,0.0015700474984108315
true,true,0.9992548442555732,0.9992548442555732
false,false,0.9883014566763296,0.011698543323670374
false,false,0.9869543864731704,0.013045613526829647
true,true,0.9990207407251308,0.9990207407251308
true,true,0.9992519299801637,0.9992519299801637
false,false,0.9889705299774981,0.011029470022501875
false,false,0.9892440755284819,0.010755924471518075
true,true,0.9982488032312248,0.9982488032312248
false,false,0.9861647201990117,0.01383527980098831
false,false,0.9862576795040977,0.013742320495902294
false,false,0.9927250415335767,0.007274958466423342
false,false,0.9895614668499546,0.010438533150045393
false,false,0.9902444665142845,0.00975553348571545
false,false,0.9830036996103989,0.016996300389601093
false,false,0.9920311850466846,0.007968814953315362
false,false,0.9946981051305981,0.005301894869401913
false,false,0.9609150467080232,0.03908495329197681
true,false,0.8805918598167922,0.11940814018320778
false,false,0.9862576795040977,0.013742320495902294
true,true,0.9996155380700887,0.9996155380700887
false,false,0.9932024684496267,0.006797531550373326
false,false,0.9862311827285678,0.013768817271432199
false,false,0.9906509353578304,0.009349064642169558
true,true,0.4005148611757885,0.4005148611757885
false,false,0.9509148131893828,0.04908518681061724
false,false,0.9883802284022112,0.01161977159778882
false,false,0.9650533028884729,0.03494669711152709
false,false,0.9847377392498011,0.015262260750198875
false,false,0.98902366385588,0.01097633614411997
false,false,0.9980695057775302,0.0019304942224698252
false,false,0.9879578443247405,0.012042155675259458
false,false,0.9935618974445165,0.006438102555483494
false,false,0.9882107855574501,0.011789214442549878
false,false,0.9846641799177701,0.01533582008222989
false,false,0.9875923050469558,0.012407694953044168
false,false,0.9920234613038768,0.007976538696123248
false,false,0.9907588487147727,0.00924115128522729
true,true,0.9986329743543438,0.9986329743543438
false,false,0.9885583150680943,0.011441684931905671
false,false,0.9810219632882344,0.018978036711765567
false,false,0.9890976262707147,0.010902373729285264
true,false,0.9866105022966285,0.0133894977033715
false,false,0.9452984873686288,0.05470151263137124
false,false,0.9990014458527987,9.985541472012915E-4
false,false,0.99463594330938,0.0053640566906200116
false,false,0.9917962137826531,0.008203786217346853
false,false,0.9873506807315326,0.012649319268467352
false,false,0.9966755631083446,0.0033244368916554023
true,true,0.9956261768572005,0.9956261768572005
false,false,0.987508259408953,0.012491740591046963
false,false,0.9503649314227288,0.04963506857727118
false,false,0.9810764310343898,0.018923568965610205
true,true,0.7578839801407692,0.7578839801407692
false,true,0.6359858093194642,0.6359858093194642
false,false,0.989295905878963,0.010704094121037011
false,false,0.9966168085613988,0.0033831914386012185
true,true,0.9995280677725609,0.9995280677725609
false,false,0.9989556140581078,0.0010443859418921564
false,false,0.9886682464686385,0.01133175353136151
false,false,0.9925682266657089,0.007431773334291125
false,false,0.9752018398044143,0.024798160195585672
true,false,0.9829383129428978,0.017061687057102204
true,true,0.9996185288352375,0.9996185288352375
false,false,0.9883802284022112,0.01161977159778882
false,false,0.9979372299716089,0.002062770028391059
false,false,0.9906418864332609,0.009358113566739101
false,false,0.9986852754323851,0.0013147245676149444
false,false,0.9973217821465035,0.002678217853496534
false,false,0.9987744325516171,0.0012255674483828694
false,false,0.9990452682889194,9.547317110806253E-4
false,false,0.8002240580158556,0.1997759419841444
false,false,0.9989975415402068,0.0010024584597931874
false,false,0.9906237625491513,0.009376237450848701
false,false,0.9892752034517494,0.010724796548250648
true,true,0.6831288946247175,0.6831288946247175
true,true,0.9978002019563087,0.9978002019563087
false,false,0.9957270634293622,0.004272936570637764
false,false,0.9973529017343582,0.0026470982656418007
false,false,0.9954879632582576,0.004512036741742387
false,false,0.9473810466522863,0.052618953347713715
false,false,0.9959614084284943,0.004038591571505656
false,false,0.9989161722496872,0.0010838277503127935
false,false,0.9985449370614672,0.001455062938532814
true,true,0.9990452682889194,0.9990452682889194
false,false,0.9880964696777581,0.011903530322241895
true,false,0.9860711409556875,0.013928859044312514
true,false,0.9252974871333467,0.0747025128666533
true,false,0.9482983605640063,0.05170163943599371
true,true,0.9656088953729848,0.9656088953729848
false,false,0.9945730566510748,0.0054269433489252394
false,false,0.9876519955505723,0.01234800444942774
true,true,0.9996200154852479,0.9996200154852479
false,false,0.9986356380813571,0.0013643619186428646
false,false,0.9252974871333467,0.0747025128666533
false,false,0.9888311886752915,0.011168811324708483
false,false,0.9979129654380888,0.002087034561911172
false,false,0.9885914047120745,0.011408595287925483
false,false,0.9935992696494761,0.006400730350523909
false,false,0.9976449326892045,0.002355067310795489
false,false,0.9818578919583282,0.018142108041671823
false,false,0.9904498423364849,0.00955015766351508
true,true,0.9978172835546548,0.9978172835546548
false,false,0.9885583150680943,0.011441684931905671
false,false,0.9987696417179502,0.0012303582820497594
false,false,0.9945307254013009,0.005469274598699059
false,false,0.9877823182915029,0.01221768170849713
false,false,0.9864808813151847,0.013519118684815257
false,false,0.9843514011012463,0.015648598898753696
false,false,0.998513384689051,0.0014866153109489577
false,false,0.9961903698015269,0.003809630198473135
false,false,0.9870919756619903,0.01290802433800975
false,false,0.9955662347993562,0.004433765200643758
false,false,0.9907588487147727,0.00924115128522729
false,false,0.987435773084953,0.012564226915046994
false,false,0.9947493589188584,0.005250641081141594
false,false,0.9985162810970911,0.0014837189029088815
false,false,0.987326264306967,0.012673735693032984
false,false,0.9895007680824822,0.010499231917517782
false,false,0.9490590880096689,0.05094091199033113
false,false,0.9852288109591303,0.014771189040869714
false,false,0.9633686333603796,0.03663136663962041
false,false,0.9875203002546722,0.01247969974532781
false,false,0.9958175058144084,0.004182494185591579
true,true,0.9837693843030739,0.9837693843030739
false,false,0.9894192928701229,0.010580707129877132
false,false,0.8255194022231304,0.17448059777686964
false,false,0.99894331617583,0.0010566838241700127
false,false,0.9203612611724168,0.07963873882758321
false,false,0.9942362733522396,0.00576372664776037
false,false,0.9475269008839323,0.05247309911606768
false,false,0.9849563392541516,0.015043660745848397
false,false,0.9925393565360601,0.007460643463939931
false,false,0.9972045229765923,0.0027954770234076554
false,false,0.9953993807256707,0.0046006192743293095
false,false,0.9752018398044143,0.024798160195585672
false,false,0.9903009079131675,0.009699092086832506
true,true,0.8479047992253244,0.8479047992253244
false,false,0.9985562441028795,0.0014437558971205355
false,false,0.9791556843834809,0.020844315616519116
false,false,0.9358759869328644,0.06412401306713555
false,false,0.9906056038973295,0.009394396102670455
false,false,0.9887554392793361,0.011244560720663932
true,true,0.9993724421060195,0.9993724421060195
false,false,0.9969484898370653,0.003051510162934701
false,false,0.9955142054229601,0.004485794577039903
false,false,0.9893680535516259,0.010631946448374063
false,false,0.9871292507842534,0.012870749215746602
false,false,0.9974190958364103,0.0025809041635896923
true,true,0.9786106805690776,0.9786106805690776
false,false,0.9854824554603613,0.014517544539638716
false,false,0.9836127158782538,0.01638728412174617
false,false,0.9844563520692292,0.015543647930770788
false,false,0.9837693843030739,0.016230615696926076
false,false,0.9958337438789613,0.004166256121038714
false,false,0.9880734754278406,0.01192652457215937
false,false,0.9963071469612741,0.0036928530387259073
false,false,0.988050437296718,0.011949562703281957
true,true,0.9293763330618007,0.9293763330618007
false,false,0.989480457659223,0.01051954234077701
false,false,0.9988818063345165,0.0011181936654834912
false,false,0.9986827084875669,0.0013172915124330942
false,false,0.9924227587321393,0.007577241267860746
false,false,0.9880273552027264,0.011972644797273557
false,false,0.9971047861099958,0.0028952138900042446
false,false,0.9897017503085603,0.010298249691439665
false,false,0.9980845002257734,0.001915499774226559
false,false,0.9982759062118625,0.0017240937881375373
false,false,0.9900635812940539,0.009936418705946082
false,false,0.963882075303276,0.036117924696724035
false,false,0.989254461419575,0.01074553858042504
false,false,0.9925826201226954,0.0074173798773046196
false,false,0.9853983877389041,0.014601612261095909
true,true,0.9979412466011499,0.9979412466011499
false,false,0.9882562075830624,0.01174379241693757
false,false,0.9886682464686385,0.01133175353136151
false,false,0.9973425688168607,0.002657431183139325
false,false,0.995354442450284,0.004645557549715962
true,true,0.9990508407687505,0.9990508407687505
false,false,0.9990226496068569,9.773503931430616E-4
true,true,0.9827572224423471,0.9827572224423471
false,false,0.9929061381210886,0.007093861878911367
true,true,0.9971990730328791,0.9971990730328791
true,false,0.9796870896465942,0.020312910353405766
false,false,0.9897315674578422,0.010268432542157813
false,true,0.4139656964318714,0.4139656964318714
false,false,0.9853843298993642,0.014615670100635803
false,false,0.9793343142370252,0.020665685762974784
false,false,0.9915051633114224,0.008494836688577645
false,false,0.99748853648619,0.0025114635138100416
false,false,0.9971160409269472,0.002883959073052833
true,true,0.9990977945008409,0.9990977945008409
false,false,0.9990434035418722,9.565964581278452E-4
false,false,0.9752018398044143,0.024798160195585672
true,true,0.9996222346082446,0.9996222346082446
false,false,0.9865588016704853,0.013441198329514736
false,false,0.9887879653009102,0.011212034699089823
true,true,0.9805061282729682,0.9805061282729682
false,false,0.9987720394683121,0.0012279605316879438
false,false,0.9318976288712829,0.06810237112871709
false,false,0.9980581831133135,0.0019418168866864871
false,false,0.7370635442490108,0.26293645575098923
false,false,0.9986382966250249,0.0013617033749750984
false,false,0.9989350373279442,0.0010649626720558025
true,false,0.9928854729258965,0.007114527074103538
false,true,0.8948354218583608,0.8948354218583608
false,false,0.9990245547712108,9.75445228789229E-4
false,false,0.9949690829216368,0.0050309170783632284
true,true,0.9993999928206615,0.9993999928206615
false,true,0.7812889082733111,0.7812889082733111
true,true,0.9996338529718882,0.9996338529718882
false,false,0.9771973640319939,0.022802635968006135
false,false,0.8986776318895081,0.10132236811049189
false,false,0.9935243084550837,0.00647569154491634
false,false,0.9544355446110934,0.04556445538890663
false,false,0.9900731838132559,0.00992681618674407
false,false,0.9894397201258819,0.010560279874118117
false,false,0.6399048455140985,0.36009515448590146
false,false,0.9608783531246671,0.03912164687533293
false,false,0.9883577758353338,0.011642224164666204
false,false,0.9873384783293387,0.012661521670661258
false,false,0.9835338249524974,0.016466175047502585
true,false,0.9443823883953985,0.05561761160460155
true,true,0.9797259210192465,0.9797259210192465
false,false,0.9911612043650179,0.008838795634982133
false,false,0.9897810729621548,0.010218927037845216
false,false,0.9391365537751081,0.060863446224891926
false,false,0.9893165687751673,0.010683431224832729
false,false,0.9837693843030739,0.016230615696926076
false,false,0.9957519209132613,0.004248079086738743
false,false,0.988290160580247,0.01170983941975301
false,false,0.9990188281187931,9.811718812069437E-4
false,false,0.9975417869965454,0.0024582130034546124
false,false,0.9990302480322175,9.69751967782484E-4
false,false,0.95154903952973,0.04845096047026998
true,true,0.9979809860995513,0.9979809860995513
false,false,0.9576754086189149,0.04232459138108513
true,true,0.9996071920569651,0.9996071920569651
true,true,0.9989329575117699,0.9989329575117699
true,false,0.8740234820751455,0.12597651792485454
false,false,0.9887879653009102,0.011212034699089823
false,false,0.9963500129687902,0.003649987031209778
false,false,0.9983864994065791,0.0016135005934209135
false,false,0.9988883318306347,0.0011116681693652541
false,false,0.9988597770875584,0.0011402229124416463
false,false,0.997143987474147,0.002856012525852991
false,false,0.9868153502832675,0.0131846497167325
false,false,0.9882335182270419,0.011766481772958137
true,true,0.999058220228112,0.999058220228112
